{"cameraMode":{"drawMode":0,"name":"Shaded","section":"Shading Mode"},"sceneLighting":false,"audioPlay":false,"sceneViewState":{"showFog":true,"showMaterialUpdate":false,"showSkybox":false,"showFlares":true,"showImageEffects":true,"showParticleSystems":true},"in2DMode":false,"pivot":{"x":-0.003600001335144043,"y":0.012000024318695069,"z":-0.011400014162063599},"rotation":{"x":-0.01745026186108589,"y":0.9812228679656982,"z":-0.15916478633880616,"w":-0.10757602751255036},"size":2.424994945526123,"orthographic":false}