{"cameraMode":{"drawMode":0,"name":"Shaded","section":"Shading Mode"},"sceneLighting":true,"audioPlay":false,"sceneViewState":{"showFog":true,"showMaterialUpdate":false,"showSkybox":true,"showFlares":true,"showImageEffects":true,"showParticleSystems":true},"in2DMode":false,"pivot":{"x":6.154344081878662,"y":-0.2854272425174713,"z":29.51139259338379},"rotation":{"x":0.016162825748324395,"y":0.05755769833922386,"z":0.0009319357923232019,"w":-0.9982113838195801},"size":6.236994743347168,"orthographic":false}